{
    "reac": {
        "1": {
            "tz": 0.0,
            "ty": 0.0,
            "tx": 0.0,
            "mz": 0.0,
            "mx": 0.0,
            "my": 0.0
        },
        "2": {
            "tz": 0.0,
            "ty": 0.0,
            "tx": 0.0,
            "mz": 0.0,
            "mx": 0.0,
            "my": 0.0
        },
        "3": {
            "tz": 0.0,
            "ty": 0.0,
            "tx": 0.0,
            "mz": 0.0,
            "mx": 0.0,
            "my": 0.0
        },
        "4": {
            "tz": 0.0,
            "ty": 5.787311578251256,
            "tx": 0.0,
            "mz": 0.0,
            "mx": 0.0,
            "my": 0.0
        },
        "5": {
            "tz": 0.0,
            "ty": 0.0,
            "tx": 0.0,
            "mz": 0.0,
            "mx": 0.0,
            "my": 0.0
        },
        "6": {
            "tz": 0.0,
            "ty": 0.0,
            "tx": 0.0,
            "mz": 0.0,
            "mx": 0.0,
            "my": 0.0
        },
        "7": {
            "tz": 0.0,
            "ty": 0.0,
            "tx": 0.0,
            "mz": 0.0,
            "mx": 0.0,
            "my": 0.0
        },
        "8": {
            "tz": 0.0,
            "ty": 0.0,
            "tx": 0.0,
            "mz": 0.0,
            "mx": 0.0,
            "my": 0.0
        },
        "9": {
            "tz": 0.0,
            "ty": -0.0012946924238890977,
            "tx": 0.0,
            "mz": 0.0,
            "mx": 0.0,
            "my": 0.0
        }
    },
    "disg": {
        "1": {
            "dy": -2.05512738009126e-06,
            "dz": 0.0,
            "dx": -1.2772824162762193e-05,
            "rx": 0.0,
            "ry": 0.0,
            "rz": 1.2570427991339102e-05
        },
        "2": {
            "dy": 4.518960712839055e-07,
            "dz": 0.0,
            "dx": -1.2772824162762192e-05,
            "rx": 0.0,
            "ry": -0.0,
            "rz": 1.2464495787949274e-05
        },
        "3": {
            "dy": 6.426500582723525e-06,
            "dz": 0.0,
            "dx": -1.2772824162762195e-05,
            "rx": 0.0,
            "ry": -0.0,
            "rz": 1.2909867456005084e-05
        },
        "4": {
            "dy": 1.2540654883487305e-05,
            "dz": -0.0,
            "dx": -1.2772824162762195e-05,
            "rx": -0.0,
            "ry": 0.0,
            "rz": 1.3058324678690384e-05
        },
        "5": {
            "dy": 1.8547484235684886e-05,
            "dz": 0.0,
            "dx": -1.2772824162762193e-05,
            "rx": 0.0,
            "ry": -0.0,
            "rz": 1.3058324678690381e-05
        },
        "6": {
            "dy": -2.0053897624960823e-08,
            "dz": -0.0,
            "dx": -9.960864880614518e-07,
            "rx": 0.0,
            "ry": -0.0,
            "rz": 3.4500145832680195e-06
        },
        "7": {
            "dy": -1.93657527455283e-08,
            "dz": 0.0,
            "dx": -1.434893567445788e-07,
            "rx": 0.0,
            "ry": -0.0,
            "rz": 1.5128841594840541e-06
        },
        "8": {
            "dy": -1.8169259985427323e-08,
            "dz": 0.0,
            "dx": 1.7694283502786072e-07,
            "rx": 0.0,
            "ry": -0.0,
            "rz": -9.848827039576532e-08
        },
        "9": {
            "dy": -1.573137817605222e-08,
            "dz": 0.0,
            "dx": -3.9478320474378315e-08,
            "rx": 0.0,
            "ry": -0.0,
            "rz": -9.360193040486608e-08
        }
    },
    "fsec": {
        "1": {
            "mzj": -0.009999999999999343,
            "mzi": 4.440892098500626e-16,
            "fzj": 0.0,
            "fyi": -0.04999999999999716,
            "fxi": 0.0,
            "myi": 0.0,
            "fzi": 0.0,
            "mxi": 0.0,
            "fyj": 0.04999999999999716,
            "myj": 0.0,
            "fxj": 0.0,
            "mxj": 0.0
        },
        "2": {
            "mzj": 0.0059635582219106364,
            "mzi": -0.011927116443820496,
            "fzj": 0.0,
            "fyi": -0.012688421748745071,
            "fxi": 7.105427357601002e-15,
            "myi": 0.0,
            "fzi": 0.0,
            "mxi": 0.0,
            "fyj": 0.012688421748745071,
            "myj": 0.0,
            "fxj": -7.105427357601002e-15,
            "mxj": 0.0
        },
        "3": {
            "mzj": 8.881784197001252e-16,
            "mzi": -0.0059635582219110805,
            "fzj": 0.0,
            "fyi": -0.012688421748745515,
            "fxi": 0.0,
            "myi": 0.0,
            "fzi": 0.0,
            "mxi": 0.0,
            "fyj": 0.012688421748745515,
            "myj": 0.0,
            "fxj": 0.0,
            "mxj": 0.0
        },
        "4": {
            "mzj": -8.881784197001252e-16,
            "mzi": -6.661338147750939e-16,
            "fzj": 0.0,
            "fyi": -1.7763568394002505e-15,
            "fxi": 0.0,
            "myi": 0.0,
            "fzi": 0.0,
            "mxi": 0.0,
            "fyj": 1.7763568394002505e-15,
            "myj": 0.0,
            "fxj": 0.0,
            "mxj": 0.0
        },
        "5": {
            "mzj": -0.0219271164438187,
            "mzi": 0.02192711644381983,
            "fzj": 0.0,
            "fyi": 7.563394355258879e-16,
            "fxi": -0.2647384217487438,
            "myi": 0.0,
            "fzi": 0.0,
            "mxi": 0.0,
            "fyj": -7.563394355258879e-16,
            "myj": 0.0,
            "fxj": 0.2647384217487438,
            "mxj": 0.0
        },
        "6": {
            "mzj": -0.016548642053644654,
            "mzi": 0.021927116443818638,
            "fzj": 0.0,
            "fyi": 7.216449660063518e-16,
            "fxi": 0.0016615782512559851,
            "myi": 0.0,
            "fzi": 0.0,
            "mxi": 0.0,
            "fyj": -0.024086364584080422,
            "myj": 0.0,
            "fxj": -0.0016033200872430514,
            "mxj": 0.0
        },
        "7": {
            "mzj": -0.0029315169468009674,
            "mzi": 0.01654864205364469,
            "fzj": 0.0,
            "fyi": 0.02408636458408045,
            "fxi": 0.0016033200872430514,
            "myi": 0.0,
            "fzi": 0.0,
            "mxi": 0.0,
            "fyj": -0.013212154982918816,
            "myj": 0.0,
            "fxj": -0.001501908670692595,
            "mxj": 0.0
        },
        "8": {
            "mzj": 0.0,
            "mzi": 0.002931516946800967,
            "fzj": 0.0,
            "fyi": 0.013212154982918823,
            "fxi": 0.0015019086706925915,
            "myi": 0.0,
            "fzi": 0.0,
            "mxi": 0.0,
            "fyj": 0.0,
            "myj": 0.0,
            "fxj": -0.0012946924238890975,
            "mxj": 0.0
        }
    },
    "member": {
        "1": {
            "ni": "1",
            "nj": "2",
            "e": "1",
            "xi": 0,
            "yi": 0,
            "zi": 0,
            "xj": 0,
            "yj": 0,
            "zj": 0,
            "cg": 0,
            "L": 0.2
        },
        "2": {
            "ni": "2",
            "nj": "3",
            "e": "1",
            "xi": 0,
            "yi": 0,
            "zi": 0,
            "xj": 0,
            "yj": 0,
            "zj": 0,
            "cg": 0,
            "L": 0.47000000000000003
        },
        "3": {
            "ni": "3",
            "nj": "4",
            "e": "1",
            "xi": 0,
            "yi": 0,
            "zi": 0,
            "xj": 0,
            "yj": 0,
            "zj": 0,
            "cg": 0,
            "L": 0.46999999999999986
        },
        "4": {
            "ni": "4",
            "nj": "5",
            "e": "1",
            "xi": 0,
            "yi": 0,
            "zi": 0,
            "xj": 0,
            "yj": 0,
            "zj": 0,
            "cg": 0,
            "L": 0.4600000000000002
        },
        "5": {
            "ni": "2",
            "nj": "6",
            "e": "2",
            "xi": 0,